,project_name,release_no,language,category,release_content,pull_request_titles,commit_msgs,issue_titles,pr_link,commit_link,issue_link
0,vue,2.7.14,javascript,bugfix,compiler-sfc: fix template usage check edge case for v-slot destructured default value,fix(compiler-sfc): fix template usage check edge case for v-slot destructured default value,fix(compiler-sfc): fix template usage check edge case for v-slot destructured default value,Destructured default value failed on named slots,https://github.com/vuejs/vue/pull/12842,https://github.com/vuejs/vue/commit/5e3d4e90cdf92ec0a72bbb2bd44125f1faafae1d,https://github.com/vuejs/vue/issues/12841
1,vue,2.7.14,javascript,bugfix,provide/inject: do not mutate original provide options during merge,,fix(provide/inject): do not mutate original provide options during merge,usage of provide: mutates mixins,,https://github.com/vuejs/vue/commit/d1899caf688de961e63e7a0d56f806fc4a12efd9,https://github.com/vuejs/vue/issues/12854
2,vue,2.7.14,javascript,bugfix,reactivity: avoid using WeakMap for IE compatibility,,fix(reactivity): avoid using WeakMap for IE compatibility,WeakMap' is undefined in Vue 2.7.11 and above (IE10 and under),,https://github.com/vuejs/vue/commit/29b5f588032600baae9854ac9a4105916a5aa648,https://github.com/vuejs/vue/issues/12837
3,vue,2.7.14,javascript,bugfix,types: fix spreading VNodeData in tsx,fix(types):fix Spreading data functional components TSX type error,fix(types): fix spreading VNodeData in tsx,Spreading data functional components TSX type error,https://github.com/vuejs/vue/pull/12789,https://github.com/vuejs/vue/commit/f7db7f361b6356591781b9f33abbb0d5b7f9b97c,https://github.com/vuejs/vue/issues/12778
4,vue,2.7.14,javascript,bugfix,types: stricter type condition for EventHandlers,"fix(types): stricter type condition for EventHandlers"" ",fix(types): stricter type condition for EventHandlers,"EventHandlers type error, DOM's Event was tainted byï¿½@types/node",https://github.com/vuejs/vue/pull/12840,https://github.com/vuejs/vue/commit/0b3cf7dda9ac605b2b9f799acacd2793e974f225,https://github.com/vuejs/vue/issues/12832
5,vue,2.7.13,javascript,bugfix,effectScope: calling off() of a detached scope should not break currentScope,,fix(effectScope): calling off() of a detached scope should not breakcurrentScope,Creating a vm in a detached EffectScope before any other vm is initialized breaks tracking of the activeEffectScope,,https://github.com/vuejs/vue/commit/800207c473c7d6dfcdc883100a3d443fc5ad2e39,https://github.com/vuejs/vue/issues/12825
6,vue,2.7.13,javascript,bugfix,types: style attribute svg,fix(types): style attribute svg,fix(types): style attribute svg,,https://github.com/vuejs/vue/pull/12800,https://github.com/vuejs/vue/commit/8e262618cdc3251ca9630b17de4a000567ffb007,
7,vue,2.7.13,javascript,bugfix,watch: avoid traversing objects that are marked non-reactive,fix(watch): avoid traversing objects that are marked non-reactive,fix(watch): avoid traversing objects that are marked non-reactive,,https://github.com/vuejs/vue/pull/12806,https://github.com/vuejs/vue/commit/5960f05c69099c174062b6672c7a21d717a3bccf,
8,vue,2.7.11,javascript,bugfix,build: enforce LF line ending in built files,,fix(build): enforce LF line ending in built files,dist/vue.esm.js 2.7.10 has mixed EOL - build is unstable,,https://github.com/vuejs/vue/commit/738f4b3c570dc3a1818924a203a9f8e4b1ec90f0,https://github.com/vuejs/vue/issues/12819
9,vue,2.7.11,javascript,bugfix,compiler-sfc: export parseComponent for compat with fork-ts-checker-webpack-plugin,,,,,https://github.com/vuejs/vue/commit/0d6d972b32521fd18eb853b1073c0a19859a499a,https://github.com/vuejs/vue/issues/12719
10,vue,2.7.11,javascript,bugfix,reactivity: check skip first before checking ref when creating observer,fix(12812): skip the component while creating observer,fix(reactivity): check skip first before checking ref when creating observer,"while creating observe, a vue component has not been skipped",https://github.com/vuejs/vue/pull/12813,https://github.com/vuejs/vue/commit/5d26f815c643d41e6ca6f29329593223b981fc24,https://github.com/vuejs/vue/issues/12812
11,vue,2.7.11,javascript,bugfix,"reactivity: use WeakMap for proxy/raw checks, compat with non-extensible objects",fix: vue2.7 use readonly on frozen object causeing error,"fix(reactivity): use WeakMap for proxy/raw checks, compat with non-extensible objects",[2.7.10] readonly on frozen object causing TypeError: Cannot define property __v_rawToReadonly,https://github.com/vuejs/vue/pull/12798,https://github.com/vuejs/vue/commit/4a0d88e46e4180edc7f22e36c25df3f8ac5d60d2,https://github.com/vuejs/vue/issues/12799
12,vue,2.7.11,javascript,bugfix,setup: setup hook should be called before beforeCreate,,fix(setup): setup hook should be called before beforeCreate,Order of setup vs beforeCreate not consistent with Vue 3 behavior,,https://github.com/vuejs/vue/commit/e1342df7847a51c75192fec74e94378178e046b0,https://github.com/vuejs/vue/issues/12802
13,vue,2.7.11,javascript,bugfix,sfc:prune returned bindings for non-TS as well,,fix(sfc): prune returned bindings for non-TS as well,SFC <script setup> not tree-shakable,,https://github.com/vuejs/vue/commit/fb1393009660b38046b1f6dfb532b481cc53b3b7,https://github.com/vuejs/vue/issues/12765
14,vue,2.7.11,javascript,bugfix,sfc:remove sfc scoped deep syntax deprecation warnings,,fix(sfc): remove sfc scoped deep syntax deprecation warnings,,,https://github.com/vuejs/vue/commit/2f335b2f9d09b962f40e38740826d444e4fff073,
15,vue,2.7.11,javascript,bugfix,"types: fix error with options watch,fix(types): fix error with options watch""",fix(types): fix error with options watch,types error with options watch,,https://github.com/vuejs/vue/pull/12779,https://github.com/vuejs/vue/commit/bc5b92adde147436f2adb25e457f0c967829467f,
16,vue,2.7.11,javascript,bugfix,"types: support Ref and function types in tsx ref attribute,feat(types): add type in ReservedProps""",fix(types): support Ref and function types in tsx ref attribute,[2.7.x] Here is a type error when using ref() on attribute 'ref' in TSX,,https://github.com/vuejs/vue/pull/12759,https://github.com/vuejs/vue/commit/87f69aa26f195390b948fbb0ff62cf954b58c82c,https://github.com/vuejs/vue/issues/12780
17,vue,2.7.11,javascript,bugfix,types: vue 3 directive type compatibility,fix(types): vue 3 directive type compatibility,fix(types): vue 3 directive type compatibility,,https://github.com/vuejs/vue/pull/12792,,https://github.com/vuejs/vue/issues/12758
18,vue,2.7.11,javascript,performanceimprovements,improve unsub perf for deps with massive amount of subs,,perf: improve unsub perf for deps with massive amount of subs,Destroy performance in Chromium browsers on macOS (w. potential solution),,https://github.com/vuejs/vue/commit/8880b55d52f8d873f79ef67436217c8752cddef5,https://github.com/vuejs/vue/issues/12696
19,vue,2.7.9,javascript,features,types: enhance type for onErrorCaptured,chore(v3/lifecycle): Enhanced type for onErrorCaptured,feat(types): enhance type for onErrorCaptured,,https://github.com/vuejs/vue/pull/12735,https://github.com/vuejs/vue/commit/bba6b3d6b4e3e26d28abbf20e74ec2f3e64f1a92,
20,vue,2.7.9,javascript,features,types: export DefineComponent,,feat(types): export DefineComponent,Export type DefineComponent,,https://github.com/vuejs/vue/commit/80d1baf92050da411fb1bfe714401c498001dd36,https://github.com/vuejs/vue/issues/12748
21,vue,2.7.9,javascript,features,types: support mixins inference for new Vue(),feat(types): new Vue() improvements,feat(types): support mixins inference for new Vue(),new Vue cannot infer mixin types,https://github.com/vuejs/vue/issues/12737,https://github.com/vuejs/vue/commit/89a6b5e8658a6e3ae2cf649829901784ac9deb3c,https://github.com/vuejs/vue/issues/12730
22,vue,2.6.13,javascript,bugfix,handle async placeholders in normalizeScopedSlot,fix: handle async placeholders in normalizeScopedSlot,fix: handle async placeholders in normalizeScopedSlot,,https://github.com/vuejs/vue/pull/11963,https://github.com/vuejs/vue/commit/af54514cf97e724d224408c1ecc6c81ddccd4b75,
23,vue,2.6.13,javascript,bugfix,pause dep collection during immediate watcher invocation,fix: pause dep collection during immediate watcher invocation,fix: pause dep collection during immediate watcher invocation,,https://github.com/vuejs/vue/pull/11943,https://github.com/vuejs/vue/commit/987f322b8f419cc307f4294173f8792a706ed73f,
24,vue,2.6.13,javascript,features,warn: warn computed conflict with methods,feat(warn): warn computed conflict with methods,feat(warn): warn computed conflict with methods,,https://github.com/vuejs/vue/pull/10119,https://github.com/vuejs/vue/commit/3ad60fea73d042fc9a127d19de8329948d3f2ef0,
25,vue,2.6.13,javascript,features,warns: avoid warning native modifiers on dynamic components,feat(warns): avoid warning native modifiers on dynamic components,feat(warns): avoid warning native modifiers on dynamic components,,https://github.com/vuejs/vue/pull/11052,https://github.com/vuejs/vue/commit/3d46692ee4e8ec67b5bc0f66cdabf4667fa4de88,
26,vue,2.6.13,javascript,performanceimprovements,preinitialize typeCheck RegExp,perf: preinitialize typeCheck RegExp,perf: preinitialize typeCheck RegExp,,https://github.com/vuejs/vue/pull/10990,https://github.com/vuejs/vue/commit/2488a6a1e9779f0cca4a64163ef44ac30530a450,
27,vue,2.6.11,javascript,securityfix,Bump vue-server-renderer's dependency of serialize-javascript to 2.1.2,,,,,,
28,vue,2.6.11,javascript,bugfix,compiler: Remove the warning for valid v-slot value,fix(compiler): Remove the waring for valid v-slot value,fix(compiler): Remove the warning for valid v-slot value,,https://github.com/vuejs/vue/pull/9917,,
29,vue,2.7.2,javascript,bugfix,compiler-sfc: preserve old deindent behavior for pug,,fix(compiler-sfc): preserve old deindent behavior for pug,Pug templates no longer compile with an initial indent,,https://github.com/vuejs/vue/commit/1294385300742acbea5f05c166685bd4a1fab35a,https://github.com/vuejs/vue/issues/12611
30,vue,2.7.2,javascript,features,allow passing directive definition directly to h(),feat: allow passing directive definition directly to h() #,feat: allow passing directive definition directly to h(),,https://github.com/vuejs/vue/pull/12590,https://github.com/vuejs/vue/commit/d45bbeac2710a5cf9185377abc2342295f0bb4e2,
31,vue,2.7.2,javascript,features,types: define component improvements,Define component improvements,"
feat(types): define component improvements",,https://github.com/vuejs/vue/pull/12612,https://github.com/vuejs/vue/commit/fb93c1be77f12ea1375c5e8b47d168e4d5ceb7be,
32,vue,2.6.0,javascript,bugfix,runtime: DevTools recommendation shows for all browsers,fix(runtime): DevTools recommendation shows for all browsers,fix(runtime): DevTools recommendation shows for all browsers,"Vue DevTools recommendation only shows for Chrome, not Firefox",https://github.com/vuejs/vue/pull/8638,https://github.com/vuejs/vue/commit/22ad26615104c15fd09bc69692e3042bb1bb58e9,https://github.com/vuejs/vue/issues/8634
33,vue,2.6.0,javascript,features,improve scoped slots change detection accuracy,perf: improve scoped slots change detection accuracy,perf: improve scoped slots change detection accuracy,,https://github.com/vuejs/vue/pull/9371,https://github.com/vuejs/vue/commit/f219bedae8f9cab131eb5529769bcfdc91ce2912,
34,vue,2.6.0,javascript,features,ssr: allow template option to be function in renderToString,[feature] allow template to be function in vue-server-renderer,feat(ssr): allow template option to be function in renderToString,,https://github.com/vuejs/vue/pull/9324,https://github.com/vuejs/vue/commit/b65f6d78e0e480601b0042b1b5e8259343b629fb,
35,vue,2.6.0,javascript,features,core/template: support custom toString() in text interpolation and v-html,fix #8093: Use custom toString method when interpolating objects if implemented,feat: support custom toString() in text interpolation and v-html,Use toString() on object interpolation when defined,https://github.com/vuejs/vue/pull/8217,https://github.com/vuejs/vue/commit/0e4e45ec741416e0042c29a53bbc0e58c8663f6e,https://github.com/vuejs/vue/issues/8093
36,vue,2.6.0,javascript,features,core/slots: expose all normal slots on $scopedSlots as functions,,feat(core): expose all slots on $scopedSlots as functions,,,https://github.com/vuejs/vue/commit/5d52262f1ce56d080c3438c4773a81dc5c8397aa,
37,vue,2.6.0,javascript,features,"compiler: add whitespace option, deprecate preserveWhitespace option",,"feat(compiler): add whitespace option, deprecate preserveWhitespace option",Handle whitespaces in templates more wisely,,https://github.com/vuejs/vue/commit/e1abedb9e66b21da8a7e93e175b9dabe334dfebd,https://github.com/vuejs/vue/issues/9208
38,vue,2.5.21,javascript,performanceimprovements,skip normalization on single child element v-for,,perf: skip normalization on single child element v-for,,,https://github.com/vuejs/vue/commit/4074104fac219e61e542f4da3a4800975a8063f2,
39,React,18.2.0,javascript,reactDOM,Provide a component stack as a second argument to onRecoverableError,support errorInfo in onRecoverableError,,,https://github.com/facebook/react/pull/24591,,
40,React,18.2.0,javascript,reactDOM,Fix hydrating into document causing a blank page on mismatch.,Support document rendering,,"
React 18: Non-recoverable hydration mismatch if mismatch occurs in the same boundary as main script",https://github.com/facebook/react/pull/24523,,https://github.com/facebook/react/issues/22833
41,React,18.2.0,javascript,reactDOM,Fix ignored setState in Safari when adding an iframe,Fix ignored setState in Safari when iframe is touched,,Bug: setState is not flushed if an iframe is added in the same tick in Safari,https://github.com/facebook/react/pull/24459,,https://github.com/facebook/react/issues/24458
42,React,18.2.0,javascript,reactDOMserver,Allow to provide a reason when aborting the HTML stream,Support abort reasons,,,https://github.com/facebook/react/pull/24680,,
43,React,18.2.0,javascript,reactDOMserver,Eliminate extraneous text separators in the HTML where possible.,[Fizz] Improve text separator byte efficiency,,,https://github.com/facebook/react/pull/24630,,
44,React,18.2.0,javascript,reactDOMserver,Disallow complex children inside <title> elements to match the browser constraints.,[Fizz] Disallow complex children in <title> elements,,,https://github.com/facebook/react/pull/24679,,
45,React,18.2.0,javascript,reactDOMserver,Fix buffering in some worker environments by explicitly setting highWaterMark to 0,Explicitly set highWaterMark to 0 for ReadableStream,,,https://github.com/facebook/react/pull/24641,,
46,React,18.2.0,javascript,servercomponents,Add support for useId() inside Server Components.,[Flight] Implement useId hook,,,https://github.com/facebook/react/pull/24172,,
47,React,18.1.0,javascript,reactDOM,Fix the false positive warning about react-dom/client when using UMD bundle.,ignore checking client entry point for UMD build,,,https://github.com/facebook/react/pull/24274,,
48,React,18.1.0,javascript,reactDOM,Fix suppressHydrationWarning to work in production too.,Fix suppressHydrationWarning not working in production,,,https://github.com/facebook/react/pull/24271,,
49,React,18.1.0,javascript,reactDOM,Fix componentWillUnmount firing twice inside of Suspense.,[PR Stack] Refactor mutation phase to use recursion,,,https://github.com/facebook/react/pull/24308,,
50,React,18.1.0,javascript,reactDOM,Fix useDeferredValue causing an infinite loop when passed an unmemoized value,Fix infinite update loop that happens when an unmemoized value is passed to useDeferredValue,,,https://github.com/facebook/react/pull/24247,,
51,React,18.1.0,javascript,reactDOM,Ensure the reason for hydration errors is always displayed,Don't mute hydration errors forcing client render,,,https://github.com/facebook/react/pull/24276,,
52,React,18.1.0,javascript,reactDOMserver,Significantly improve performance of renderToPipeableStream,[Fizz] Pipeable Stream Perf,,,https://github.com/facebook/react/pull/24291,,
53,React,17.0.0,javascript,reactDOM,Run useEffect cleanup functions asynchronously.,Flush useEffect clean up functions in the passive effects phase,,,https://github.com/facebook/react/pull/17925,,
54,React,17.0.0,javascript,reactDOM,Stop exposing internals that wonâ€™t be needed by React Native Web.,ReactDOM: remove unstable-native-dependencies bundle,,,https://github.com/facebook/react/pull/18483,,
55,React,17.0.0,javascript,reactDOM,Disable console during the repeated render in Strict Mode,Disable console.logs in the second render pass of DEV mode double render,,,https://github.com/facebook/react/pull/18547,,
56,React,17.0.0,javascript,reactDOM,Improve the error message when switching between controlled and uncontrolled inputs,Make uncontrolled -> controlled warning clearer,,,https://github.com/facebook/react/pull/17070,,
57,React,17.0.0,javascript,reactDOMserver,Make useCallback behavior consistent with useMemo for the server renderer,Consistent useCallback implementation in ReactDOMServer,,,https://github.com/facebook/react/pull/18783,,
58,React,17.0.0,javascript,concurrentmode,Fix a bug causing dropped updates in a suspended tree,[Bugfix] Dropped updates inside a suspended tree,,,https://github.com/facebook/react/pull/18384,,
59,React,16.13.1,javascript,reactDOM,"Fix bug in legacy mode Suspense where effect clean-up functions are not fired. This only affects users who use Suspense for data fetching in legacy mode, which is not technically supported.",Bugfix: Dropped effects in Legacy Mode Suspense,,,https://github.com/facebook/react/pull/18238,,
60,React,16.13.1,javascript,reactDOM,Revert warning for cross-component updates that happen inside class render lifecycles,Don't fire the render phase update warning for class lifecycles,,,https://github.com/facebook/react/pull/18330,,
61,Bootstrap,5.2.3,,css,Import root in bootstrap-utilities,Import root so that utilities have the CSS variables they need,,bootstrap-utilities.css missing CSS variables,https://github.com/twbs/bootstrap/pull/37377,,https://github.com/twbs/bootstrap/issues/37376
62,Bootstrap,5.2.3,,css,Fix deprecation warning with sass 1.56.0,Fix deprecation warning with sass 1.56.0,,Incompatible with sass 1.56.0,https://github.com/twbs/bootstrap/pull/37425,,https://github.com/twbs/bootstrap/issues/37424
63,Bootstrap,5.2.3,,javascript,fix tooltip/popper disposal inconsistencies,"Bind popper disposal with tooltip removal, trying to fix tooltip/popper inconsistencies",,Tooltips show in wrong position when hovered from above on Safari,https://github.com/twbs/bootstrap/pull/37235,,https://github.com/twbs/bootstrap/issues/37068
64,Bootstrap,5.2.2,,highlights,Use Sass variable for the accordion color instead of an invalid CSS variable,,,,,,
65,Bootstrap,5.2.2,,highlights,Undo changes to .btn:hover from v5.2.1. We now explicitly target .btn-check styles instead.,,,,,,
66,Bootstrap,5.2.2,,highlights,Restore the ability for dropdowns to work without an explicit data attribute (will be removed again in v6),,,,,,
67,Bootstrap,5.2.2,,highlights,Improve modal event listeners,,,,,,
68,Bootstrap,5.2.2,,highlights,Use <h1> for all .modal-title instances in our docs,,,,,,
69,Bootstrap,5.2.2,,highlights,Don't redefine $border-color in table-variant() mixin,,,,,,
70,Bootstrap,5.2.2,,highlights,Tabs no longer autofocus and cause pages to jump on tab.show(),,,,,,
71,Bootstrap,5.2.2,,highlights,Fix .active class toggling of tabs within dropdowns,,,,,,
72,Bootstrap,5.2.2,,highlights,Properly set toast z-index on .toast-container as opposed to individual .toasts that don't receive any other positioning,,,,,,
73,Bootstrap,5.2.2,,highlights,Fix tooltip selectors with title attribute on dynamically created elements,,,,,,
74,Bootstrap,5.2.2,,docs,Slightly improve image compression,Slightly improve image compression,,,https://github.com/twbs/bootstrap/pull/36899,,
75,Bootstrap,5.2.2,,docs,Add informative note for Tooltip/Popover selector option,Add informative note for Tooltip/Popover selector option,,,https://github.com/twbs/bootstrap/pull/37142,,
76,Bootstrap,5.2.2,,javascript,Enrich Tab Test for keyboard handler,Enrich Tab Test for keyboard handler,,,https://github.com/twbs/bootstrap/pull/37189,,
77,Bootstrap,5.2.2,,javascript,Fix active class toggling of tabs within dropdown,Fix active class toggling of tabs within dropdown,,Tab active class isn't removed correctly when inside drop-down menu (5.2 regression,https://github.com/twbs/bootstrap/pull/37151,,https://github.com/twbs/bootstrap/issues/36947
78,Bootstrap,5.2.1,,features,ScrollSpy: make the threshold option configurable,ScrollSpy: make the threshold option configurable,,ScrollSpy not behaving correctly,https://github.com/twbs/bootstrap/pull/36750,,https://github.com/twbs/bootstrap/issues/36431
79,Bootstrap,5.2.1,,highlights,Update color value to use the $accordion-button-color Sass variable instead of our color contrast function,,,,,,
80,Bootstrap,5.2.1,,highlights,Added a transparent default hover border color CSS variable for buttons to fix a visual regression,,,,,,
81,Bootstrap,5.2.1,,highlights,.btn-link no longer has a gradient when $enable-gradients is set to true,,,,,,
82,Bootstrap,5.2.1,,highlights,Input groups have updated z-index values to ensure proper rendering of validated form fields,,,,,,
83,Bootstrap,5.2.1,,highlights,Floating labels now reset their text-align to ensure consistent styling,,,,,,
84,Bootstrap,5.2.1,,highlights,Horizontal list groups with only one child now render the correct border-radius,,,,,,
85,Bootstrap,5.2.1,,highlights,Modified the list-group-item selectors to better support nested imports of Bootstrap's CSS,,,,,,
86,Bootstrap,5.2.1,,highlights,"Fixed modal event listeners during dismiss click, allowing you to once again click scrollbars without dismissing the modal",,,,,,
87,Bootstrap,5.2.1,,highlights,Fixed incorrect border-radius values inside pagination components,,,,,,
88,Bootstrap,5.2.1,,highlights,Scrollspy threshold option is now configurable,,,,,,
89,Bootstrap,5.2.1,,highlights,"Reverted some tooltip plugin updates to prevent issues with selector, dynamic content, and disposed tooltips using title",,,,,,
90,Bootstrap,5.2.1,,css,Remove a unused sass parameter from banner mixin,Remove a unused sass parameter from banner mixin,," Add a banner mixin, helping future releases and maintenance",https://github.com/twbs/bootstrap/pull/36791,,https://github.com/twbs/bootstrap/pull/36178
91,Bootstrap,5.2.1,,css,Fix pagination page items border radius,Fix pagination page items border radius,,,https://github.com/twbs/bootstrap/pull/36828,,
92,Bootstrap,5.2.1,,css,bugfix undefined border color variable for btn,"
bugfix undefined border color variable for btn",,"
v5.2.0 undefined variables for the btn class",https://github.com/twbs/bootstrap/pull/36986,,https://github.com/twbs/bootstrap/issues/36938
93,Bootstrap,5.2.1,,css,More consistency for CSS/Sass vars doc for components with dark variants,More consistency for CSS/Sass vars doc for components with dark variants,,,https://github.com/twbs/bootstrap/pull/37034,,
94,Bootstrap,5.2.1,,docs,Docs: improve cards image overlays markup,Docs: improve cards image overlays markup,,,https://github.com/twbs/bootstrap/pull/37048,,
95,Bootstrap,5.2.1,,docs,Docs: Manage the dark offcanvas slightly differently,Docs: Manage the dark offcanvas slightly differently,,,https://github.com/twbs/bootstrap/pull/37056,,
96,Bootstrap,5.2.1,,docs,Simplify social images and add ability to set per-page images,Simplify social images and add ability to set per-page images,,,https://github.com/twbs/bootstrap/pull/36804,,
97,Bootstrap,5.2.1,,docs,Move DocSearch out of offcanvas to always show it on mobile,Move DocSearch out of offcanvas to always show it on mobile,,[DOCS] Search is not working on mobile,https://github.com/twbs/bootstrap/pull/36824,,https://github.com/twbs/bootstrap/issues/36822
98,Bootstrap,5.2.1,,docs,Make docs clearer by dropping precompiled for compiled,,,,https://github.com/twbs/bootstrap/pull/37067,,
99,Axios,1.3.3,,bugfix,formdata: added a check to make sure the FormData class is available in the browser's global scope,fix(formdata): added a check to make sure the FormData class is available in the browser's global scope,fix(formdata): added a check to make sure the FormData class is available in the browser's global scope,,https://github.com/axios/axios/pull/5545,https://github.com/axios/axios/commit/a6dfa72010db5ad52db8bd13c0f98e537e8fd05d,
100,Axios,1.3.3,,bugfix,formdata: fixed setting NaN as Content-Length for form payload in some cases,fix(formdata): fixed setting NaN as Content-Length for form payload in some cases,fix(formdata): fixed setting NaN as Content-Length for form payload in some cases,,https://github.com/axios/axios/pull/5535,https://github.com/axios/axios/commit/c19f7bf770f90ae8307f4ea3104f227056912da1,
101,Axios,1.3.3,,bugfix,headers: fixed the filtering logic of the clear method,fix(headers): fixed the filtering logic of the clear method,fix(headers): fixed the filtering logic of the clear method,,https://github.com/axios/axios/pull/5542,https://github.com/axios/axios/commit/ea87ebfe6d1699af072b9e7cd40faf8f14b0ab93,
102,Axios,1.3.0,,bugfix,headers: fixed & optimized clear method,fix(headers): fixed & optimized clear method,"
fix(headers): fixed & optimized clear method",,https://github.com/axios/axios/pull/5507,https://github.com/axios/axios/commit/9915635c69d0ab70daca5738488421f67ca60959,
103,Axios,1.3.0,,bugfix,http: add zlib headers if missing,Fix no zlib headers,"
fix(http): add zlib headers if missing ",,https://github.com/axios/axios/pull/5497,https://github.com/axios/axios/commit/65e8d1e28ce829f47a837e45129730e541950d3c,
104,Axios,1.3.0,,features,fomdata: added support for spec-compliant FormData & Blob types,Added support for spec-compliant FormData & Blob types,feat(fomdata): added support for spec-compliant FormData & Blob types,,https://github.com/axios/axios/pull/5316,https://github.com/axios/axios/commit/6ac574e00a06731288347acea1e8246091196953,
105,Axios,1.2.6,,bugfix,headers: added missed Authorization accessor,fix(headers); added missed Authorization accessor,fix(headers): added missed Authorization accessor,,https://github.com/axios/axios/pull/5502,https://github.com/axios/axios/commit/342c0ba9a16ea50f5ed7d2366c5c1a2c877e3f26,
106,Axios,1.2.6,,bugfix,types: fixed CommonRequestHeadersList & CommonResponseHeadersList types to be private in commonJS,fix(types): fixed CommonRequestHeadersList & CommonResponseHeadersList types to be private in commonJS,fix(types): fixed CommonRequestHeadersList & `CommonResponseHeadersList` types to be private in commonJS,,https://github.com/axios/axios/pull/5503,https://github.com/axios/axios/commit/5a3d0a3234d77361a1bc7cedee2da1e11df08e2c,
107,Axios,1.2.0,,,change: re-added support for loading Axios with require('axios').default,Re-added support for loading Axios with require('axios').default,,,https://github.com/axios/axios/pull/5225,,
108,threejs,r150,,,Improve GLSL formatting,uses \t indent in glsl sources,,,https://github.com/mrdoob/three.js/pull/25448,,
109,threejs,r150,,,Updated ES Module Shims,Examples: updated es-module-shims@1.6.3,,,https://github.com/mrdoob/three.js/pull/25444,,
110,threejs,r150,,,Add deprecation warning to build/three.js and build/three.min.js,Builds: Add deprecation warning to build/three.js and build/three.min.js,,,https://github.com/mrdoob/three.js/pull/25465,,
111,threejs,r150,,,Remove .isBufferGeometry checks,Remove unneccesary .isBufferGeometry checks,,,https://github.com/mrdoob/three.js/pull/25490,,
112,threejs,r150,,,Fix .stop() without audio source definition,Fix Audio stop(),,,https://github.com/mrdoob/three.js/pull/25336,,
113,threejs,r150,,,Simplified .distanceToPoint(),"Box2, Box3: Refactor distanceToPoint()",,,https://github.com/mrdoob/three.js/pull/25547,,
114,guava,31.1,java,,Deprecated the Throwables methods lazyStackTrace and lazyStackTraceIsLazy. They are no longer useful on any current platform,,Deprecate Throwables.lazyStackTrace,,,https://github.com/google/guava/commit/6ebd7d864830dbf615a767702bf5b0261f1a9722,
115,guava,31.1,,,"Added a new method ImmutableMap.Builder.buildKeepingLast(), which keeps the last value for any given key rather than throwing an exception when a key appears more than once.",,Introduce ImmutableMap.Builder.buildKeepingLast,,,https://github.com/google/guava/commit/68500b2c09fa6985eab2e41577e2992685b57f2b,
116,guava,31.1,,,Changed ByteStreams.nullOutputStream() to follow the contract of OutputStream.write by throwing an exception if the range of bytes is out of bounds,,Enforce bounds checking in the null output stream,,,https://github.com/google/guava/commit/1cd85d01c96ae433e2f3d8ca77f304f6170c34b4,
117,guava,31.1,,,Added accumulate/update methods for AtomicDouble and AtomicDoubleArray,,"Implemented the following methods for
`AtomicDouble` and `AtomicDoubleArray`:
* `accumulateAndGet`
* `getAndAccumulate`
* `updateAndGet`
* `getAndUpdate`",,,https://github.com/google/guava/commit/2d875d327ad74cbde5a6f18fbf85724bfbb5c47a,
118,spring-framework,v6.0.5,,newfeatures,Allow MockRest to match header/queryParam value list with one Matcher,Allow MockRest to match header/queryParam value list with one Matcher,Allow MockRest to match header/queryParam value list with one Matcher,Add support in MockRestServiceServer to assert ALL header and queryParam values with a single Matcher,https://github.com/spring-projects/spring-framework/pull/29953,https://github.com/spring-projects/spring-framework/commit/d9a60b9386861010408762b03fcb3c3059ebeb2e,https://github.com/spring-projects/spring-framework/issues/28660
119,spring-framework,v6.0.5,,,DataBuffer should offer restricted access to underlying ByteBuffer,StringDecoder causes direct allocation of ByteBuffer,,DataBuffer should offer restricted access to underlying ByteBuffer,https://github.com/spring-projects/spring-framework/pull/29889,,https://github.com/spring-projects/spring-framework/issues/29943
120,spring-framework,v6.0.5,,,Support ProblemDetail serialization to XML with Jackson,,ProblemDetail XML support via Jackson,Support ProblemDetail serialization to XML with Jackson,,https://github.com/spring-projects/spring-framework/commit/e5ff54955faf298a272fe24821f8f4448be36883,https://github.com/spring-projects/spring-framework/issues/29927
121,spring-framework,v6.0.5,,,StringDecoder causes direct allocation of ByteBuffer,StringDecoder causes direct allocation of ByteBuffer,StringDecoder causes direct allocation of ByteBuffer,,https://github.com/spring-projects/spring-framework/pull/29889,https://github.com/spring-projects/spring-framework/commit/cccd892a52d6fbe2556d1167caf463a3f96f3d66,
122,spring-framework,v6.0.5,,,Add native support for RSocketExchange,Add native support for RSocketExchange,Add native support for RSocketExchange,please support declarative RSocket-based clients in GraalVM / AOT images,https://github.com/spring-projects/spring-framework/pull/29877,https://github.com/spring-projects/spring-framework/commit/05608f3683c4bca77762b7618e2a3b560daec607,https://github.com/spring-projects/spring-framework/issues/29377
123,spring-framework,v6.0.5,,,Improve generated default name for @JmsListener subscription,Improve generated default name for @JmsListener subscription,fix (spring-jms): Better default name for a JMS subscription,Wrong default name of the JMS subscription,https://github.com/spring-projects/spring-framework/pull/29790,https://github.com/spring-projects/spring-framework/commit/96b6ff7745904ac5f81b44b9ebd13dd93165859d,https://github.com/spring-projects/spring-framework/issues/29763
124,spring-framework,v6.0.5,,,Restrict forwards in MockMvcWebConnection to 100,Restrict forwards in MockMvcWebConnection to 100,Restrict forwards in MockMvcWebConnection to 100,Possible infinite forward loop with MockMvcWebConnection,https://github.com/spring-projects/spring-framework/pull/29557,https://github.com/spring-projects/spring-framework/commit/19d5c7f44a58c414614ecbae38728aaca02e159f,https://github.com/spring-projects/spring-framework/issues/29483
125,spring-framework,v6.0.5,,,Add ResponseEntity.ofNullable() to deal with non-Optional nullable objects,,Add ResponseEntity.ofNullable(),Add ResponseEntity.ofNullable() to deal with non-Optional nullable objects,,https://github.com/spring-projects/spring-framework/commit/f7418704de4f68dfdb3c8c2b7f050e952d2909cc,https://github.com/spring-projects/spring-framework/issues/29117
126,spring-framework,v6.0.5,,,List supported media types in HttpMediaTypeNotSupportedException when given invalid input media types,,,List supported media types in HttpMediaTypeNotSupportedException when given invalid input media types,,,https://github.com/spring-projects/spring-framework/issues/28062
127,spring-framework,6.0.4,,bugfixes,ResourceHandlers cannot resolve static resources with certain wildcard patterns,,Fix path within mapping when pattern contains,ResourceHandlers cannot resolve static resources with certain wildcard patterns,,https://github.com/spring-projects/spring-framework/commit/5366ac84e6ec043fd7100a182968bc151193c382,https://github.com/spring-projects/spring-framework/issues/29712
128,spring-framework,6.0.4,,bugfixes,Conflict on insert gets translated to DataIntegrityViolationException instead of DuplicateKeyException in Spring 6,,Check well-known database error codes in case of generic SQL state 23000,""" Conflict on insert gets translated to DataIntegrityViolationException instead of DuplicateKeyException in Spring 6""",,https://github.com/spring-projects/spring-framework/commit/a644245e0e3de3c07d57a1c6604f3ffa26b58425,https://github.com/spring-projects/spring-framework/issues/29699
129,spring-framework,6.0.4,,documentation,Improve documentation for literals in SpEL expressions,,""" Improve documentation for literals in SpEL expressions """,""" Improve documentation for literals in SpEL expressions""",,https://github.com/spring-projects/spring-framework/commit/57cfb94f1f75bc774fa1f09ba0b3052bf1a8f240,https://github.com/spring-projects/spring-framework/issues/29700
130,spring-framework,6.0.4,,documentation,Small fixes and improvements to the reference documentation,Small fixes and improvements to the reference documentation,https://github.com/spring-projects/spring-framework/commit/1a839f51031cd794922c7fcf412a2ef17986f03a,,https://github.com/spring-projects/spring-framework/pull/29694,https://github.com/spring-projects/spring-framework/commit/1a839f51031cd794922c7fcf412a2ef17986f03a,
131,spring-framework,6.0.4,,documentation,Fix manipulating property sources example in Javadoc for ConfigurableEnvironment,Fix manipulating property sources example in Javadoc for ConfigurableEnvironment,,,https://github.com/spring-projects/spring-framework/pull/29693,,
132,react,16.13.0,,,Warn when changes in style may cause an unexpected collision,Warn about conflicting style values during updates,,,https://github.com/facebook/react/pull/14181,,
133,react,16.13.0,,,Add version property to ReactDOM,ReactDOM Add back version property to client,,,https://github.com/facebook/react/pull/15780,,
134,react,16.13.0,,,Don't call toString() of dangerouslySetInnerHTML,Remove toString of dangerouslySetInnerHTML,,,https://github.com/facebook/react/pull/17773,,
135,react,16.13.0,,,Remove ReactDOM.createRoot() callback params and added warnings on usage,Removed Root API callback params and added warnings,Removed Root API callback params and added warnings,,https://github.com/facebook/react/pull/17916,https://github.com/facebook/react/commit/b64acb1495435c549aebb966b1a87e9d6556738e,
136,react,16.13.0,,,Call shouldComponentUpdate twice when developing in StrictMode,StrictMode should call sCU twice in DEV,StrictMode should call sCU twice in DEV,,https://github.com/facebook/react/pull/17942,https://github.com/facebook/react/commit/9682e5b980070e923a682f5eb83d0289e67d2b4b,
,rxjava,3.1.6,,bugfixes,Fix a race condition in Single.timeout that prevented the timeout signal from happening.,3.x: Fix Single.timeout race condition,,.timeout with small value on Single does not emit error. RxJava 2.2.21,https://github.com/ReactiveX/RxJava/pull/7515,,https://github.com/ReactiveX/RxJava/issues/7514
,rxjava,3.1.6,,documentation,Fix formatting in TestObserver/Consumer/Subscriber javadoc html.,3.x: Fix formatting in TestObserver/Consumer/Subscriber javadoc html,,,https://github.com/ReactiveX/RxJava/pull/7442,,
,rxjava,3.1.6,,,Fix grammar about cancellation in Schedulers javadoc.,,,,,,
,rxjava,3.1.6,,,Add missing @NonNull annotation to Maybe type argument. ,3.x: Add missing @NonNull annotation to Maybe type argument,,3.x: Missing NonNull annotation on Maybe<T>,https://github.com/ReactiveX/RxJava/pull/7436,,https://github.com/ReactiveX/RxJava/issues/7435
,rxjava,3.1.4,,,Move nullness annotation to use sites of Supplier,3.x: Move nullness annotation to use sites of Supplier,,Maybe#fromSupplier expects not null value from callable,https://github.com/ReactiveX/RxJava/pull/7385,,https://github.com/ReactiveX/RxJava/issues/7376
,rxjava,3.1.1,,,"The operator fusion-related interfaces and two atomic queue implementations have been promoted to standard, thus officially supported in the io.reactivex.rxjava3.operators package. ",3.x: Standardize many of the operator fusion interfaces & queues,,"

3.x: osgi manifest.mf Bundle-SymbolicName not following conventions and *.internal.* packages not exported",https://github.com/ReactiveX/RxJava/pull/7320,,https://github.com/ReactiveX/RxJava/issues/7318
,rxjava,3.1.1,,bug,Specify proper OSGi unique bundle symbolic name of io.reactivex.rxjava3.rxjava.,3.x: Specify proper OSGi unique bundle symbolic name,,"

3.x: osgi manifest.mf Bundle-SymbolicName not following conventions and *.internal.* packages not exported",https://github.com/ReactiveX/RxJava/pull/7319,,https://github.com/ReactiveX/RxJava/issues/7318
,rxjava,3.1.1,,,Fix the LamdbaConsumerIntrospection of Completable's lambda-based observer to use the same missing onError indicator as the other types' lambda-based consumers. ,"Align hasCustomOnError behavior of CallbackCompletableObserver with LambdaObserver, ConsumerSingleObserver and so on",,,https://github.com/ReactiveX/RxJava/pull/7326,,
,rxjava,3.1.1,,,The scheduler purge thread has been removed. Removing cancelled timed operations is now managed by the setRemoveOnCancelPolicy of the underlying ScheduledExecutorService,Removes the purge thread in favour of standard ScheduledThreadPoolExecutor APIs,,,https://github.com/ReactiveX/RxJava/pull/7293,,
,rxjava,3.1.1,,,Update withLatestFrom javadoc about upstream early complete ,3.x: Update withLatestFrom doc about upstream early complete,,Using withLatestFrom completes without values if other publisher is delayed,https://github.com/ReactiveX/RxJava/pull/7289,,https://github.com/ReactiveX/RxJava/issues/7288
,rxjava,3.0.12,,,CompositeException.printStackTrace to write directly into PrintStream/PrintWriter,3.x: CompositeException.printStackTrace to write directly into PrintStream/PrintWriter,,CompositeException.printStackTrace vulnerable to OOM when there are too many exceptions wrapped,https://github.com/ReactiveX/RxJava/pull/7212,,https://github.com/ReactiveX/RxJava/issues/7211
,rxjava,3.0.12,,,Direct scheduling via Schedulers.from to honor the interruptibleWorker setting,3.x: Fix Schedulers.from to honor interruptibleWorker across methods,,3.x Flowable#sample may complete on an interrupted thread,https://github.com/ReactiveX/RxJava/pull/7203,,https://github.com/ReactiveX/RxJava/issues/7201
,rxjava,3.0.12,,,Add a system parameter to allow scheduled worker release in the Io Scheduler,"Io Scheduler, Scheduled worker release",,"3.x and 2.x - Schedulers.io() fails to produce new thread when needed, leading to deadlock ",https://github.com/ReactiveX/RxJava/pull/7162,,https://github.com/ReactiveX/RxJava/issues/7153
,rxjava,3.0.12,,enhacements,Add TestScheduler option to use onSchedule hook.,3.x: TestScheduler option to use onSchedule hook,,TestScheduler doesn't use RxJavaPlugins.onSchedule hook,https://github.com/ReactiveX/RxJava/pull/7163,,https://github.com/ReactiveX/RxJava/issues/7119
,rxjava,3.0.12,,,Add a system parameter to allow Schedulers to use System.nanoTime() for now(),3.x: Introduce property rx3.scheduler.use-nanotime,,3.x Feature: introduce abstract time source for scheduler impl,https://github.com/ReactiveX/RxJava/pull/7169,,https://github.com/ReactiveX/RxJava/issues/7154
,rxjava,3.0.12,,,Add fusion support to concatMap{Maybe|Single|Completable},3.x: Add fusion support to concatMap{Maybe|Single|Completable},,blockingForEach doesn't receive events from concatMapSingle,https://github.com/ReactiveX/RxJava/pull/7165,,https://github.com/ReactiveX/RxJava/issues/7061
,elasticsearch,7.13.1,,bugfixes,Add setting to disable aggs optimization issue:,"
Add setting to disable aggs optimization",,"
Setting to disable rewrite-to-filters optimization",https://github.com/elastic/elasticsearch/pull/73620,,https://github.com/elastic/elasticsearch/issues/73426
,elasticsearch,7.13.1,,,Write next cluster state fully on all failures,Write next cluster state fully on all failures,,,https://github.com/elastic/elasticsearch/pull/73631,,
,elasticsearch,7.13.1,,,Always handle non-complete `AsyncActionStep` execution issue:,"

Always handle non-complete AsyncActionStep execution",,"
AsyncActionStep invocation does not correctly handle non-complete responses",https://github.com/elastic/elasticsearch/pull/73796,,https://github.com/elastic/elasticsearch/issues/73794
,elasticsearch,7.13.1,,,Copy all execution state in `CopyExecutionStateStep` issues:,Copy all execution state in CopyExecutionStateStep,,CopyExecutionStateStep does not copy all execution state within ILM ,https://github.com/elastic/elasticsearch/pull/73792,,https://github.com/elastic/elasticsearch/issues/73791
,elasticsearch,7.13.1,,,Preserve field mappings from user agent processor when ECS is disabled issue:,Preserve field mappings from user agent processor when ECS is disabled,,User agent processor changes type of 'device' field to object when ECS is disabled,https://github.com/elastic/elasticsearch/pull/73783,,https://github.com/elastic/elasticsearch/issues/73780
,elasticsearch,7.13.1,,,Resolve concrete associated indices when resetting features issue:,Resolve concrete associated indices when resetting features,,Make feature reset compatible with action.destructive_requires_name: false,https://github.com/elastic/elasticsearch/pull/73017,,https://github.com/elastic/elasticsearch/issues/72363
,elasticsearch,7.13.1,,,Fix error when fetching values for parent ID join field,Fix error when fetching values for parent ID join field ,,,https://github.com/elastic/elasticsearch/pull/73639,,
,elasticsearch,7.13.1,,,Fix repo name at allocation time,Fix repo name at allocation time,,,https://github.com/elastic/elasticsearch/pull/73669,,
,elasticsearch,7.13.1,,,Add ability for `monitoring_user` role to read from metricbeat-,"
[Monitoring] Add ability for monitoring_user role to read from metricbeat-*",,,https://github.com/elastic/elasticsearch/pull/71233,,
,elasticsearch,7.13.1,,,Fix illegal access on PIT creation for frozen index issue:,Fix illegal access on PIT creation for frozen index,,PIT creation on frozen-tier searchable snapshot indices causes a fatal error,https://github.com/elastic/elasticsearch/pull/73517,,https://github.com/elastic/elasticsearch/issues/73514
,elasticsearch,7.13.1,,,Fix typo in Rectangle error message,Fix typo in Rectangle() error message,,,https://github.com/elastic/elasticsearch/pull/73124,,
,elasticsearch,7.13.1,,,Validate that system indices aren’t also hidden indices issue:,Validate that system indices aren't also hidden indices,,Do not allow system indices to be hidden,https://github.com/elastic/elasticsearch/pull/72768,,https://github.com/elastic/elasticsearch/issues/72631
,elasticsearch,7.13.1,,,Add `LinkageError` to the errors we catch as part of the Painless sandbox,Add LinkageError to the errors we catch as part of the Painless sandbox,,,https://github.com/elastic/elasticsearch/pull/73116,,
,elasticsearch,7.13.1,,,Reduce warning logging from get categories Grok pattern creation,[ML] Reduce warning logging from get categories Grok pattern creation ,,,https://github.com/elastic/elasticsearch/pull/73373,,
,elasticsearch,7.13.1,,,Search analyzer should default to configured index analyzer over default issue:,Search analyzer should default to configured index analyzer over default,,The default_search analyzer overrides the field level analyzer for search,https://github.com/elastic/elasticsearch/pull/73359,,https://github.com/elastic/elasticsearch/issues/73333
,elasticsearch,7.13.1,,,Do not remove write block when unfreezing cold/frozen indices,Do not remove write block when unfreezing cold/frozen indices,,,https://github.com/elastic/elasticsearch/pull/73368,,
,elasticsearch,7.13.1,,,Fix bug with concurrent snapshot and index delete,Fix Bug with Concurrent Snapshot and Index Delete,,,https://github.com/elastic/elasticsearch/pull/73456,,
,elasticsearch,7.13.1,,,Fix location of repository analyzer API spec,Fix location of repository analyzer API spec,,,https://github.com/elastic/elasticsearch/pull/73378,,
,elasticsearch,7.13.1,,Deprecations,Add migration check for legacy role settings issues:,Add migration check for legacy role settings,,,https://github.com/elastic/elasticsearch/pull/71197,,
,elasticsearch,7.12.1,,,Add multiple data paths deprecation to the deprecation API issue:,Add multiple data paths deprecation to the deprecation api,,Deprecate and remove Multiple Data Paths,https://github.com/elastic/elasticsearch/pull/71209,,https://github.com/elastic/elasticsearch/issues/71205
,elasticsearch,7.12.1,,,Deprecate multiple `path.data` entries issue:,Deprecate multiple path.data entries,,Deprecate and remove Multiple Data Paths,https://github.com/elastic/elasticsearch/pull/71207,,https://github.com/elastic/elasticsearch/issues/71205
,elasticsearch,7.12.1,,,Add clear deprecation around legacy role settings issue:,Add clear deprecation around legacy role settings,,Introduce node.roles setting,https://github.com/elastic/elasticsearch/pull/71143,,https://github.com/elastic/elasticsearch/issues/54998
,elasticsearch,7.12.1,,,Add deprecation warning for default value of `action.destructive_requires_name` issues:,Add deprecation warning for default value of action.destructive_requires_name,,Add warnings and documentation for change to action.destructive_requires_name default,https://github.com/elastic/elasticsearch/pull/70932,,https://github.com/elastic/elasticsearch/issues/67543
,elasticsearch,7.12.1,,,Adds `fields` request field to the EQL request issue:,"EQL: Adds ""fields"" request field to the eql request",,EQL: Support returning of runtime fields,https://github.com/elastic/elasticsearch/pull/68962,,https://github.com/elastic/elasticsearch/issues/68115
,elasticsearch,7.12.1,,,Make all the shrink action steps retryable issue:,ILM: Make all the shrink action steps retryable,,Retry ILM steps when transient or recoverable errors are encountered,https://github.com/elastic/elasticsearch/pull/70107,,https://github.com/elastic/elasticsearch/issues/48183
,elasticsearch,7.12.1,,,Add support for validating IPv4/IPv6 addresses to Convert processor issue:,"
Convert processor supports validation of IPv4/IPv6 addresses",,Add IP to supported types for Convert ingest processor,https://github.com/elastic/elasticsearch/pull/69989,,https://github.com/elastic/elasticsearch/issues/36145
,elasticsearch,7.12.1,,features,Add registered domain processor,Registered domain processor,,,https://github.com/elastic/elasticsearch/pull/67611,,
,elasticsearch,7.12.1,,,Add API for resetting state of a `SystemIndexPlugin`,Add API for resetting state of a SystemIndexPlugin,,,https://github.com/elastic/elasticsearch/pull/69469,,
,elasticsearch,7.12.1,,,Adds new trained model alias API to simplify trained model updates and deployments,[ML] adds new trained model alias API to simplify trained model updates and deployments,,,https://github.com/elastic/elasticsearch/pull/68922,,
,elasticsearch,7.12.1,,features,Introduce `combined_fields` query issue:,Introduce combined_fields query,,Better cross-field support ,https://github.com/elastic/elasticsearch/pull/71213,,https://github.com/elastic/elasticsearch/issues/41106
,elasticsearch,7.12.1,,enhacements,Improve handling of incompatible after key types in composite aggregations issue:,Improve handling of incompatible after key types in composite aggs,,Improve handling of fields that have different types in different indices in composite aggs,https://github.com/elastic/elasticsearch/pull/70839,,https://github.com/elastic/elasticsearch/issues/70480
,elasticsearch,7.12.1,,,Increase `search.max_bucket` default value by one issue:,Increase search.max_bucket default value by one,,"Increase search.max_buckets to 65,535",https://github.com/elastic/elasticsearch/pull/70645,,https://github.com/elastic/elasticsearch/issues/57042
,elasticsearch,7.12.1,,,Modest memory savings in a `date_histogram` followed by a terms aggregation,Modest memory savings in date_histogram>terms,,,https://github.com/elastic/elasticsearch/pull/68592,,
,elasticsearch,7.12.1,,,Speed up `top_metrics` on hot shards issue:,Speed up top_metrics on hot shards,,Can top_metrics use segment ordinals?,https://github.com/elastic/elasticsearch/pull/70579,,https://github.com/elastic/elasticsearch/issues/70453
,elasticsearch,7.12.1,,,Speed up aggregations with sub-aggregations issues:,Speed up aggs with sub-aggregations,,Allow terms to run as filters ,https://github.com/elastic/elasticsearch/pull/69806,,https://github.com/elastic/elasticsearch/issues/68871
,elasticsearch,7.12.1,,,Speed up terms aggregation when alone issue:,Speed up terms agg when alone,,Allow terms to run as filters,https://github.com/elastic/elasticsearch/pull/69377,,https://github.com/elastic/elasticsearch/issues/68871
,elasticsearch,7.12.1,,,Speed up terms aggregation when not force merged issue:,,,,https://github.com/elastic/elasticsearch/pull/71241,,https://github.com/elastic/elasticsearch/issues/71086
,elasticsearch,7.12.1,,,Use `#updateTop` to speed up `InternalComposite#reduce`,"
Use #updateTop to speed up InternalComposite#reduce",,,https://github.com/elastic/elasticsearch/pull/71278,,
,elasticsearch,7.12.1,,,Improve awareness allocation explanation,Improve awareness allocation explanation,,,https://github.com/elastic/elasticsearch/pull/69371,,
,elasticsearch,7.12.1,,,Skip zone/host awareness with auto-expand replicas issues:,Skip zone/host awareness with auto-expand replicas,,Enrich indices can clash with user allocation settings,https://github.com/elastic/elasticsearch/pull/69334,,https://github.com/elastic/elasticsearch/issues/54151
,elasticsearch,7.12.1,,,Allow `updateable` flag for `keyword_marker` filter issue:,Allow updateable flag for keyword_marker filter,,Allow keyword_marker filter to be updateable,https://github.com/elastic/elasticsearch/pull/65457,,https://github.com/elastic/elasticsearch/issues/65355
,elasticsearch,7.12.1,,,Support audit ignore policy by actions issues:,Support audit ignore policy by actions,,Support audit ignore policy by action,https://github.com/elastic/elasticsearch/pull/67477,,https://github.com/elastic/elasticsearch/issues/60877
,elasticsearch,7.12.1,,,Add a deprecation message if a REST wrapper implementing plugin presents,Add a deprecation message if a REST wrapper implementing plugin presents,,,https://github.com/elastic/elasticsearch/pull/66827,,
,elasticsearch,7.12.1,,,Support metadata on API keys issue:,Support metadata on API keys,,Metadata for API keys ,https://github.com/elastic/elasticsearch/pull/70292,,https://github.com/elastic/elasticsearch/issues/48182
,elasticsearch,7.12.1,,,Add read permissions for `apm_user` role to APM fleet indices,Add read permissions for apm_user role to APM fleet indices,,,https://github.com/elastic/elasticsearch/pull/68749,,
,elasticsearch,7.12.1,,,Include role names in access denied errors issue:,Include role names in access denied errors,,Authorization denial errors are not actionable,https://github.com/elastic/elasticsearch/pull/69318,,https://github.com/elastic/elasticsearch/issues/42166
,elasticsearch,7.12.1,,,Frozen tier autoscaling decider based on shards,Frozen tier autoscaling decider based on shards,,,https://github.com/elastic/elasticsearch/pull/71042,,
,elasticsearch,7.12.1,elasticsearch-7.12.1,,Include node roles in cluster state JSON response issue:,Include node roles in cluster state JSON response,,Cluster state does not always contain correct node roles,https://github.com/elastic/elasticsearch/pull/71386,,https://github.com/elastic/elasticsearch/issues/71385
,elasticsearch,7.12.1,elasticsearch-7.12.1,,Remove node attributes from cluster membership messages,Remove node attrs from cluster membership messages,,,https://github.com/elastic/elasticsearch/pull/69811,,
,elasticsearch,7.12.1,elasticsearch-7.12.1,,Add fleet polling API for global checkpoint,Add fleet polling API for global checkpoint,,,https://github.com/elastic/elasticsearch/pull/71093,,
,elasticsearch,7.12.1,elasticsearch-7.12.1,,Reduce size of `MANAGEMENT` threadpool on small node issue:,Reduce size of MANAGEMENT threadpool on small node,,Push back on HTTP requests to busy dedicated master nodes,https://github.com/elastic/elasticsearch/pull/71171,,https://github.com/elastic/elasticsearch/issues/70435
,elasticsearch,7.12.1,elasticsearch-7.12.1,,Allow Unicode escape sequences in strings issue:,EQL: Allow Unicode escape sequences in strings,,EQL: Unicode escape sequences,https://github.com/elastic/elasticsearch/pull/70514,,https://github.com/elastic/elasticsearch/issues/62832
,elasticsearch,7.12.1,elasticsearch-7.12.1,,Improve null handling in the optimizer,EQL: Improve null handling in the optimizer,,,https://github.com/elastic/elasticsearch/pull/70557,,
,elasticsearch,7.12.1,elasticsearch-7.12.1,,Support `include_unloaded_segments` in node stats,Support include_unloaded_segments in node stats,,,https://github.com/elastic/elasticsearch/pull/69682,,
,elasticsearch,7.12.1,elasticsearch-7.12.1,,Add `max_single_primary_size` as a condition for the ILM rollover action issues:,"
Add max_single_primary_size as a condition for the ILM rollover action",,Add max_single_primary_size as a condition for the rollover index API,https://github.com/elastic/elasticsearch/pull/68917,,https://github.com/elastic/elasticsearch/issues/67842
,elasticsearch,7.12.1,elasticsearch-7.12.1,,Reject creating ILM policies with phase timings that are not greater than or equal to the previous phase issue:,Reject creating ILM policies with phase timings are not >= previous phase,,ILM should reject policies with phase timings that are not >= the previous phase age,https://github.com/elastic/elasticsearch/pull/70089,,https://github.com/elastic/elasticsearch/issues/70032
,elasticsearch,7.12.1,elasticsearch-7.12.1,,Switch built-in policies to `max_primary_shard_size` issue:,Switch built-in policies to max_primary_shard_size,,Enhance rollover API and ILM rollover action to specify max single primary shard size,https://github.com/elastic/elasticsearch/pull/69995,,https://github.com/elastic/elasticsearch/issues/63026
,elasticsearch,7.12.1,elasticsearch-7.12.1,,Date math support for aliases issue:,"
Date math support for aliases",,Add support for date math on aliases name,https://github.com/elastic/elasticsearch/pull/67226,,https://github.com/elastic/elasticsearch/issues/20367
,elasticsearch,7.12.1,elasticsearch-7.12.1,,Introduce separate shard limit for frozen shards issues:,Introduce separate shard limit for frozen shards,,Frozen tier autoscaling decider based on shards,https://github.com/elastic/elasticsearch/pull/71392,,https://github.com/elastic/elasticsearch/issues/71042
,elasticsearch,7.12.1,elasticsearch-7.12.1,,Support specifying multiple templates names in delete component template api issue:,Support specifying multiple templates names in delete component template api,,"
MixedClusterClientYamlTestSuiteIT times out more frequently lately",https://github.com/elastic/elasticsearch/pull/70314,,https://github.com/elastic/elasticsearch/issues/69973
,elasticsearch,7.12.1,elasticsearch-7.12.1,,Support specifying multiple templates names in delete composable index template api issue:,Support specifying multiple templates names in delete composable index template api,,MixedClusterClientYamlTestSuiteIT times out more frequently lately,https://github.com/elastic/elasticsearch/pull/70094,,https://github.com/elastic/elasticsearch/issues/69973
,elasticsearch,7.12.1,elasticsearch-7.12.1,,Accept more ingest simulate params as integers or strings issues:,Accept more ingest simulate params as ints or strings,,"

Ingest simluate should corece _version also following issue",https://github.com/elastic/elasticsearch/pull/66197,,https://github.com/elastic/elasticsearch/issues/65992
,elasticsearch,7.12.1,elasticsearch-7.12.1,,Extract device type from user agent info,extract device type from user agent info,,,https://github.com/elastic/elasticsearch/pull/69322,,
,elasticsearch,7.12.1,elasticsearch-7.12.1,,Network direction processor additions,"
Network direction processor additions",,,https://github.com/elastic/elasticsearch/pull/68712,,
,elasticsearch,7.12.1,elasticsearch-7.12.1,,Summary option for listing ingest pipelines without their definitions issue:,Summary option for listing ingest pipelines without their definitions,,Cat endpoint for ingest pipelines,https://github.com/elastic/elasticsearch/pull/69756,,https://github.com/elastic/elasticsearch/issues/31954
,elasticsearch,7.12.1,elasticsearch-7.12.1,,`MurmurHash3` support for fingerprint processor issue:,MurmurHash3 support for fingerprint processor,,Murmur3 support for fingerprint processor,https://github.com/elastic/elasticsearch/pull/70632,,https://github.com/elastic/elasticsearch/issues/69182
,elasticsearch,7.12.1,elasticsearch-7.12.1,,Support new data roles,LLRC - support new data roles,,,https://github.com/elastic/elasticsearch/pull/66947,,
,elasticsearch,7.12.1,elasticsearch-7.12.1,,Add info on each HTTP client to HTTP stats issue:,"
Add info on each HTTP client to HTTP stats",,Show Connected Clients API,https://github.com/elastic/elasticsearch/pull/64561,,https://github.com/elastic/elasticsearch/issues/61609
,elasticsearch,7.12.1,elasticsearch-7.12.1,,Make indices stats requests cancellable issue:,Make indices stats requests cancellable,,Improve robustness of monitoring APIs,https://github.com/elastic/elasticsearch/pull/69174,,https://github.com/elastic/elasticsearch/issues/55550
,elasticsearch,7.12.1,elasticsearch-7.12.1,,Make recovery APIs cancellable issue:,Make recovery APIs cancellable,,Improve robustness of monitoring APIs,https://github.com/elastic/elasticsearch/pull/69177,,https://github.com/elastic/elasticsearch/issues/55550
,elasticsearch,7.12.1,elasticsearch-7.12.1,,Total data set size in stats issue:,Total data set size in stats ,,Report shared_cache shards as zero size on disk,https://github.com/elastic/elasticsearch/pull/70625,,https://github.com/elastic/elasticsearch/issues/69820
,elasticsearch,7.12.1,elasticsearch-7.12.1,,Migrate watcher to system indices infrastructure issue:,Migrate watcher to system indices infrastructure,,Create system indices on startup if configured,https://github.com/elastic/elasticsearch/pull/67588,,https://github.com/elastic/elasticsearch/issues/61656
,elasticsearch,7.12.1,elasticsearch-7.12.1,,Manage Fleet system indices within Elasticsearch,Manage Fleet system indices within Elasticsearch,,,https://github.com/elastic/elasticsearch/pull/70689,,
,elasticsearch,7.12.1,elasticsearch-7.12.1,,Support mixed node versions in system index descriptors,System index descriptors support mixed versions ,,,https://github.com/elastic/elasticsearch/pull/71144,,
,elasticsearch,7.12.1,elasticsearch-7.12.1,,Only install templates for deprecation indices from elected master node issues:,Only install templates for deprecation indices from elected master node,,Bwc test failures caused by DeprecationIndexingTemplateRegistry ?,https://github.com/elastic/elasticsearch/pull/70057,,https://github.com/elastic/elasticsearch/issues/70020
,transformers,4.41.2,,,Do not trigger autoconversion if local_files_only,,,,https://github.com/huggingface/transformers/pull/31004,,
,,4.41.2,,,Paligemma: Fix devices and dtype assignments,,,,https://github.com/huggingface/transformers/pull/31008,,
,,4.41.2,,,Redirect transformers_agents doc to agents,,,,https://github.com/huggingface/transformers/pull/31054,,
,,4.41.2,,,Fix from_pretrained in offline mode when model is preloaded in cache,,,,https://github.com/huggingface/transformers/pull/31010,,
,,4.41.2,,,Fix faulty rstrip in module loading,,,,https://github.com/huggingface/transformers/pull/31108,,
,,4.41.1,,,PaliGemma - fix processor with no input text,,,,https://github.com/huggingface/transformers/pull/30916,https://github.com/huggingface/transformers/commit/a755745546779ae5c42510bc02a859bdac82b3b7,
,,4.41.1,,,Paligemma causal attention mask,,,,https://github.com/huggingface/transformers/pull/30967,https://github.com/huggingface/transformers/commit/a25f7d3c12975fe21eab437dda7363e9024de7c0,
,,4.41.1,,,"tokenizer_class = ""AutoTokenizer"" Llava Family",,,,https://github.com/huggingface/transformers/pull/30912,https://github.com/huggingface/transformers/commit/bb48e921868ac750417956de941606f7e2fa02ca,
,,4.41.1,,,legacy to init the slow tokenizer when converting from slow was wrong,,,,https://github.com/huggingface/transformers/pull/30972,https://github.com/huggingface/transformers/commit/1d568dfab262f76079eb4f3d05b606d51a0c9e4b,
,,4.41.1,,,Generation: get special tokens from model config,,,,https://github.com/huggingface/transformers/pull/30899,https://github.com/huggingface/transformers/commit/b1065aa08ac0da11fcb9e3827cd7eafabe4beebd,
,,4.40.0,,Processors improvements,Separate out kwargs in processor,,,,https://github.com/huggingface/transformers/pull/30193,,
,,,,,[Processor classes] Update docs,,,,https://github.com/huggingface/transformers/pull/29698,,
,,,,,re-introduced the fast path for sdpa,,,,https://github.com/huggingface/transformers/pull/30070,,
,,,,,addpush_to_hubto pipeline,,,,https://github.com/huggingface/transformers/pull/29172,,
,,,,,[docs] Remove redundant - and the from custom_tools.md,,,,https://github.com/huggingface/transformers/pull/29767,,
,,,,,Fixed typo in quantization_config.py,,,,https://github.com/huggingface/transformers/pull/29766,,
,,,,,OWL-ViT box_predictor inefficiency issue,,,,https://github.com/huggingface/transformers/pull/29712,,
,,,,,fix issue with logit processor during beam search in Flax,,,,https://github.com/huggingface/transformers/pull/29636,,
,,,,,Cast bfloat16 to float32 for Numpy conversions,,,,https://github.com/huggingface/transformers/pull/29755,,
,,,,,Silence deprecations and use the DataLoaderConfig,,,,https://github.com/huggingface/transformers/pull/29779,,
,,,,,Add deterministic config toset_seed,,,,https://github.com/huggingface/transformers/pull/29778,,
,,,,,Add support fortorch_dtypein the run_mlm example,,,,https://github.com/huggingface/transformers/pull/29776,,
,,,,,Llama: always convert the causal mask in the SDPA code path,,,,https://github.com/huggingface/transformers/pull/29663,,
,,,,,Change in-place operations to out-of-place in LogitsProcessors,,,,https://github.com/huggingface/transformers/pull/29680,,
,,,,,Fix type hint for train_dataset param of Trainer.init() to allow IterableDataset. Issue 29678,,,,https://github.com/huggingface/transformers/pull/29738,,
,,,,,Correct llava mask & fix missing setter forvocab_size,,,,https://github.com/huggingface/transformers/pull/29389,,
,,,,,Make MLFlow version detection more robust and handles mlflow-skinny,,,,https://github.com/huggingface/transformers/pull/29957,,
,,,,,updated examples/pytorch/language-modeling scripts and requirements.txt to require datasets>=2.14.0,,,,https://github.com/huggingface/transformers/pull/30120,,
,,,,,ImportError Fix: Trainer with PyTorch requires accelerate>=0.20.1,,,,https://github.com/huggingface/transformers/pull/29888,,https://github.com/huggingface/transformers/issues/29174
,,,,,[tests] addrequire_bitsandbytesmarke,,,,https://github.com/huggingface/transformers/pull/30116,,
,,,,,fix learning rate display in trainer when using galore optimizer,,,,https://github.com/huggingface/transformers/pull/30085,,
,,,,,Fix slow tests for important models to be compatible with A10 runners,,,,https://github.com/huggingface/transformers/pull/29905,,
,,,,,[docs] Fix image segmentation guide,,,,https://github.com/huggingface/transformers/pull/30132,,
,,,,,Fixing a bug when MlFlow try to log a torch.tensor,,,,https://github.com/huggingface/transformers/pull/29932,,
,,,,,Fixed typo in comments/documentation for Pipelines documentation,,,,https://github.com/huggingface/transformers/pull/30170,,
,,,,,Fixed config.json download to go to user-supplied cache directory,,,,https://github.com/huggingface/transformers/pull/30189,,
,,,,,[tests] add the missingrequire_torch_multi_gpuflag,,,,https://github.com/huggingface/transformers/pull/30250,,
,,,,,FIX: Fix corner-case issue with the important models workflow,,,,https://github.com/huggingface/transformers/pull/30212,,
,IINA ,1.3.5,swift,Bug fixes,"Fixed the ""seek exact"" command sometimes not working correctly",,,Keybindings forseek exactare silently overridden toseek keyframes,,,https://github.com/iina/iina/issues/3710
,,,,,Fixed a crash when clicking on the chapter menu,,,"Keep the chapter menu on and play the next video, the menu is unchanged, and IINA crashes when clicking on the menu for navigation",,,https://github.com/iina/iina/issues/4696
,,,,,Fixed the play button state in the mini player not syncing,Sync the play button when switching to mini player,,,https://github.com/iina/iina/pull/4743,,
,,,,,Fixed advanced settings not being searchabl,,,The Advanced Settings Aren't Searchable,,,https://github.com/iina/iina/issues/4512
,,,,,"Fixed the ""Open Recent"" menu being cleared when opening a non-release version of IINA",,,Open Recent menu cleared with each new build,,,https://github.com/iina/iina/issues/4688
,,,,,Fixed the cursor disappearing after clicking in the main window,,,Cursor disappears after clicking in the main window,,,https://github.com/iina/iina/issues/4748
,,,,,"Fixed a regression where the ""Include Subtitles"" setting for screenshots was not respected",,,Subtitles are included in screenshots even when it's disabled in settings,,,https://github.com/iina/iina/issues/4582
,,,,,Fixediina-clinot working due to percent-encoding issues after macOS Sonoma,,,Incorrect percent encoding under Sonoma,,,https://github.com/iina/iina/issues/4861
,,,,,Fixed IINA being unable to pause the video when the system goes to sleep,,,Can't disable pause when machine goes to sleep,,,https://github.com/iina/iina/issues/4917
,,,,,Fixed the subtitle border size option not accepting decimal numbers,,,unable to change the value of subtitle border size to decimals through settings,,,https://github.com/iina/iina/issues/4799
,,,,Improvements,The open/save dialogs now block window input while open,Make open/save dialogs block window input while open,,,https://github.com/iina/iina/pull/4590,,
,,,,,Tweaked the layout of the settings sidebar,Tweak settings sidebar to make it more consistent with previous design,,,https://github.com/iina/iina/pull/4750,,
,,,,,Avoided excessive playlist refreshes,avoid playlist refresh when no selections,,,https://github.com/iina/iina/pull/4769,,
,,,,,The audio track picker can now accept video files again,,,External Audio Tracks don't Work as before,,,https://github.com/iina/iina/issues/3259
,,,,,Internationalized the subtitles override levels,,,Subtitles override level not localized,,,https://github.com/iina/iina/issues/4892
,,,,,Made all volume icons indicate the current volume level,Make all volume icons indicate level,,,https://github.com/iina/iina/pull/4885,,
,,1.3.3,,New,Added an option to start iina-cli in music mode,,,Missing option to start iina-cli in music-mode,,,https://github.com/iina/iina/issues/3651
,,,,,IINA is now associated with .gif files,,,,,,https://github.com/iina/iina/issues/3679